PPE,spread2,MDVP:Shimmer,MDVP:APQ,Shimmer:APQ5,Shimmer:APQ3,MDVP:Shimmer(dB),Shimmer:DDA,MDVP:Fo(Hz),MDVP:Flo(Hz)
0.03928955304321045,0.13335340672863644,0.043316814303398135,0.0357960432767868,0.0010436136275529862,0.0010436136275529862,0.22667530079620465,0.043316814303398135,1484.2467236269085,65.40639132514966
